code,name,mv_mean,amount_mean,num_days,profit,主营产品名称,主营产品类型,公司简介
300760.SZ,迈瑞医疗,45270403.89249247,1853735.442485477,241,8001553606.0,便携式彩超、除颤仪、吊塔吊桥、化学发光免疫分析仪、监护仪、麻醉剂、凝血分析仪、生化分析仪、手术床、手术灯、台式彩超、体外诊断试剂、血液细胞分析仪,诊断治疗设备,公司是中国领先的高科技医疗设备研发制造厂商，为全球市场提供医疗器械产品。公司的主营业务覆盖生命信息与支持、体外诊断、医学影像三大领域，通过前沿技术创新，提供更完善的产品解决方案，帮助世界改善医疗条件、提高诊疗效率。公司始终致力于临床医疗设备的研发和制造，产品涵盖生命信息与支持、临床检验及试剂、数字超声、放射影像四大领域，将性能与价格完美平衡的医疗电子产品带到世界每一角落。
603259.SH,药明康德,32942563.42150743,3323076.08866805,241,5097155283.68,CMO/CDMO业务、临床研究及其他CRO服务、美国区实验室服务、中国区实验室服务,专业咨询服务,公司是全球领先的制药以及医疗器械研发开放式能力和技术平台企业。作为一家以研究为首任，以客户为中心的公司，药明康德向全球制药公司、生物技术公司以及医疗器械公司提供一系列全方位的实验室研发、研究生产服务，服务范围贯穿从小分子药物发现到推向市场的全过程，以及细胞治疗和基因治疗从产品开发到商业化生产服务、医疗器械测试服务等。药明康德的服务旨在通过高性价比、高效率的研发服务帮助全球客户缩短药物及医疗器械研发周期、降低研发成本。
300015.SZ,爱尔眼科,25488873.839646127,1885337.8475767637,241,2323343957.31,爱尔眼科白内障手术、爱尔眼科检查治疗、爱尔眼科连锁医院、爱尔眼科眼病诊疗、爱尔眼科眼后段手术、爱尔眼科眼前段手术、爱尔眼科医学验光配镜、爱尔眼科准分子手术,手术与注射器械、医用耗材、医院,公司是我国最大规模的眼科医疗机构，致力于引进国际一流的眼科技术与管理方法，以专业化、规模化、科学化为发展战略，联合国内外战略合作伙伴，共同推动中国眼科医疗事业的发展。利用人才、技术和管理等方面的优势，公司通过全国各连锁医院良好的诊疗质量、优质的医疗服务和深入的市场推广，使自身的市场影响力和渗透力得到迅速的提升，也使公司成为具有全国影响力的眼科品牌。
603392.SH,万泰生物,14510214.180780085,383623.9565228216,241,2021467667.66,“馨可宁Cecolin”双价人乳头瘤病毒疫苗(大肠杆菌)、“益可宁Hecolin”重组戊型肝炎疫苗、Caris200全自动化学发光免疫分析仪、WanTag全自动核酸血液筛查系统、化学发光诊断试剂、胶体金诊断试剂、酶联免疫诊断试剂、生化诊断试剂、质控品及标准物质,生物诊断试剂、疫苗、诊断治疗设备,公司是从事体外诊断试剂、体外诊断仪器与疫苗的研发、生产及销售的高新技术企业。公司坚持自主创新、坚持关键技术攻关，走产学研结合道路，现已发展成为我国创新免疫诊断产品和创新疫苗研发的领先企业。经过多年的研发投入、持续的技术创新，截至本招股说明书签署之日，公司在体外诊断试剂领域已取得了5项新药证书、9项药品注册证书、300余项国家医疗器械注册证、16项欧盟CE认证、2项世界卫生组织PQ认证，还获得150个国家二级标准物质证书。公司体外诊断领域的核心产品有艾滋病毒诊断试剂，病毒性肝炎系列诊断试剂，全自动管式化学发光免疫分析系统等。公司先后完成国家科技重大专项、863计划重大项目，荣获国家技术发明二等奖、国家科技进步二等奖、中国发明专利金奖、国家高技术产业化示范工程十年成就奖等重要国家级科技创新奖励。
300896.SZ,爱美客,12362609.301908717,1406292.5986804978,241,957798548.01,聚对二氧环己酮面部埋植线（紧恋）、医用含聚乙烯醇凝胶微球的透明质酸钠-羟丙基甲基纤维素凝胶（宝尼达）、医用羟丙基甲基纤维素-透明质酸钠溶液（逸美）、医用透明质酸钠-羟丙基甲基纤维素凝胶（逸美一加一）、注射用透明质酸钠复合溶液（嗨体）、注射用修饰透明质酸钠凝胶（爱芙莱、爱美飞）,医疗美容器械,公司是国内生物医用软组织修复材料领域的创新型领先企业。公司立足于生物医用材料的研发和转化，致力于重组蛋白和多肽等生物医药的开发，已成功实现注射类透明质酸钠系列产品及聚对二氧环己酮面部埋植线的产业化，并建立了医用几丁糖、聚乳酸等生物医用材料的产品技术转化平台，产品临床应用涵盖医疗美容、外科修复以及代谢疾病治疗等领域。公司是首家取得国家药监局批准用于面部软组织修复的注射用透明质酸钠医疗器械产品注册证书的国内企业。截至报告期末，公司已拥有五款获国家药监局批准的III类注射用透明质酸钠系列产品，为获得国家药监局批准的同类产品最多的企业。公司五款产品在配方组份、注射部位、注射体验等方面有所不同，能够满足多个细分市场的消费需求。此外，公司已于2019年5月取得聚对二氧环己酮面部埋植线的III类医疗器械注册证书，为首款取得国家药监局批准的面部埋植线产品。公司重视研发投入和产品开发，是国家级高新技术企业，建有生物可降解新材料北京市工程实验室。公司作为牵头单位参与了国家科学技术部“十三五”规划国家重点研发计划“新型颌面软硬组织修复材料研发”项目。截至报告期末，公司拥有32项专利，其中发明专利18项。
300759.SZ,康龙化成,11006093.132987054,776683.4333900415,241,1661028567.53,14C放射性标记和加速器质谱（AMS）用于生物制剂、14C放射性标记化合物的合成、3H 和 14C放射性标记生物大分子(RadioTag技术)、3H放射性标记化合物的合成、3H和14C 放射性标记（RadioTag）、PD/PK、PK/PD、QA/RA、安全药理学、病理、动物疾病模型、放射性标记化合物的合成、放射性同位素标记化合物的临床药代动力学应用、放射性同位素标记化合物应用于代谢产物分析、分析研发和质量控制部门、符合GMP标准的14C放射性标记的API(药物活性成分或原料药)&成品药的合成、工艺化学、化合物管理系统、化合物库合成、化学信息服务、计算机辅助药物设计、结构生物学、临床研究、免疫毒理学与免疫原性分析、生物分析服务、生物有机化学、生物制品研发、生殖与发育毒理学、使用放射性同位素标记化合物研究物料平衡、体内药代动力学、体外ADMET、体外疾病生物学、体外筛选、体外药理学及生物标记物检测、通过HRMS/NMR进行代谢产物鉴定、小分子药物的生物等效性试验、研发分析和分离、药物材料和结晶研发、药物-药物（DDI）相互作用研究、药物制剂开发、一般毒理、遗传毒理学、原料药生产、早期工艺化学（DPC）、真皮渗透研究、支持新药临床试验申请的药代动力学研究、制剂生产、质量保证部,化学试剂、生物诊断试剂、原料药、专业咨询服务,公司是一家领先的全流程一体化医药研发服务平台，业务遍及全球，致力于协助客户加速药物创新。根据弗若斯特沙利文的资料，按2018年的总收益计，公司是中国第二大医药研发服务平台及全球三大药物发现服务供应商之一。公司在药物发现、临床前及早期临床开发服务方面处于领先地位，并一直致力于拓展下游业务，包括临床后期开发及商业化生产等服务。公司不断扩大医药研发服务领域，并掌握主要研发学科的专业知识以覆盖各研发阶段的主要里程碑，协助客户加快推进研发计划。作为领先的药物发现医药研发服务供应商，公司对分子已积累深刻的科学见解，并自客户创新药物研发初期起即取得客户信任。
300347.SZ,泰格医药,10510411.917533703,1030600.491340249,241,2874163020.17,临床试验技术服务、临床试验统计分析服务,专业咨询服务,公司是国内领先的临床合同研究组织(CRO)，专注于为医药产品研发提供I-IV期临床试验、数据管理与生物统计、注册申报等全方位服务。公司参与了包括国家“十五”、“十一五”、“十二五”国家重大科技专项，国家863计划重大科技专项，以及国家创新基金项目、中科院重大科技项目、浙江省重大科技专项和广州市科技重大项目等在内的多项新化学单体和新生物制品的临床试验。公司的临床研究业务几乎包括了我国GCP中提出的全部临床试验内容，完备的服务内容可以满足绝大多数国内外制药企业的临床研究要求。
002821.SZ,凯莱英,9137010.660724482,1044357.0871576763,241,1069273577.5,DS定制生产服务、分析服务、酶的生产、数据服务、知识产权保护、制剂服务,医药中间体、专业咨询服务,公司是一家国内领先的CDMO(医药合同定制研发生产)企业，主要致力于全球制药工艺的技术创新和商业化应用，为国内外大中型制药企业、生物技术企业提供药物研发、生产一站式CMC服务。凯莱英积极布局国内市场，目前已形成包括国内创新药CMC服务、MAH业务、制剂研发生产、仿制药一致性评价、临床试验服务、生物样本检测以及药品注册申报等在内的全方位服务体系。公司坚持以技术革新作为核心驱动力，不断研发出多项国际领先专利技术并运用于商业化生产，深耕cGMP高级中间体和原料药领域，服务默沙东、辉瑞、百时美施贵宝、艾伯维、礼来等国内外大中型制药公司，形成与国内外制药巨头深度的嵌入式合作关系。
688363.SH,华熙生物,8575854.949748889,578219.6457593361,241,782334573.48,cationHA 高亲和性透明质酸钠、HAPLEX透明质酸钠、Hyacolor 油分散透明质酸钠、Hyacross 透明质酸弹性体、Hyafactor- PGA  聚谷氨酸钠、Hyature 玻璃酸钠-医药外用级、Hyature 玻璃酸钠-注射级、Hyature透明质酸钠-医疗器械级、Hybloom 透明质酸钠，高分子/低分子/寡聚/酶切寡聚透明质酸钠，透明质酸钠1%溶液、Hymagic-AcHA 乙酰化透明质酸钠、γ-氨基丁酸、玻璃酸钠注射液、糙米发酵滤液、次抛原液、各类膏霜水乳、面膜、纳豆提取液、纳诺HA酶切寡聚透明质酸钠、喷雾、手膜、熙安颜TM  依克多因、熙敏修TM 超活透明质酸、医用透明质酸钠凝胶、注射用修饰透明质酸钠凝胶、注射用修饰透明质酸钠凝胶（含利多卡因）,美容产品、药品经销、原料药,公司是全球领先的、以透明质酸微生物发酵生产技术为核心的高新技术企业，透明质酸产业化规模位居国际前列，公司是国内最早实现微生物发酵法生产透明质酸的企业之一，透明质酸具有良好的保水性、润滑性、黏弹性、生物降解性及生物相容性等理化性能和生物活性，在医药(骨科、眼科、普外科、泌尿外科、胃肠科、耳鼻喉科、口腔科、整形外科、皮肤科等)、化妆品及功能性食品中应用十分广泛，公司持续开展微生物发酵法生产透明质酸技术研发，国内率先实现了透明质酸微生物发酵技术产业化的突破，改变了我国以动物组织提取法生产透明质酸且主要依靠进口的落后局面。通过菌种诱变和高通量筛选、发酵代谢流调控、多尺度过程优化、动态补料控制等技术，极大提升了透明质酸的生产规模和质量，显著降低了生产成本，推动了透明质酸在各个领域的应用。凭借透明质酸发酵技术的创新成就，多次获得国家和省科技进步奖励。
600763.SH,通策医疗,7829547.174771785,1221234.956377593,241,702806792.12,杭州口腔医院、宁波口腔医院,医院,公司是国内第一家以口腔医疗连锁经营为主要经营模式的上市公司。近年来，公司强化了内部管理，重视内部控制规范建设，有效控制了成本费用，同时积极拓宽医疗市场，重视人力引进和培养，高附加值业务盈利能力持续增强，主营业务收入实现较快增长。未来，公司将继续坚持积极完善企业管理制度，进一步在提升医疗服务、市场营销、成本控制水平的发展思路。同时，公司将资本运营与生产经营并举，通过收购兼并、参股控股等形式，有计划、有步骤、积极稳妥地介入医疗服务的其它领域。通过对市场、技术、人员、资本等各类资源的整合，充分发挥资源优势，将公司发展成为以口腔医疗行业为主导的一流企业。
300595.SZ,欧普康视,5727571.960882431,662088.7738755187,241,554737175.25,华锥-圆锥角膜/散光镜、镜特舒冲洗液、梦戴维Classic-角膜塑形镜、梦戴维Plasma-角膜塑形镜、日戴维-硬性角膜接触镜,专用设备与零部件,公司是国内角膜塑形镜细分领域的领军企业，专注眼视光产品研发、生产、销售，以及眼视光服务，目前主要业务为非手术视力矫正。公司目前主要产品为硬性角膜接触镜类镜片及镜片护理产品，角膜塑形镜为主营产品中的核心。经过多年的专注发展，公司已拥有一系列与硬性角膜接触镜设计和生产相关的完全自主知识产权，同时取得了角膜塑形镜和硬性角膜接触镜产品注册证。公司先后获得了“安徽省医药质量管理奖”、“合肥市科技小巨人”的荣誉称号，并且为安徽省近视预防治疗研究会常务副理事长单位；自主研发生产和销售的产品获得了市场的广泛认可，公司主营产品“梦戴维”系列角膜塑形镜先后荣获得“安徽省著名商标”、“合肥市知名商标”。
603882.SH,金域医学,5005543.746426245,477951.3295020747,241,2219640445.22,高端检测、检验信息服务、健康体检、临床试验研究、食品卫生检测、试剂生产、试剂销售、司法鉴定、项目转化、医疗冷链物流、医学检验及病理诊断,其他物流、生物诊断试剂、医院、专业咨询服务,广州金域医学检验集团股份有限公司是一家以第三方医学检验及病理诊断业务为核心的高科技服务企业，通过不断积累的“大平台、大网络、大服务、大样本和大数据”等核心资源优势，致力于为全国各级医疗机构提供领先的医学诊断信息整合服务。金域医学的核心创业团队自上世纪90年代即积极探索医学检验外包服务在中国的运营模式，开创了国内第三方医学检验行业的先河，经过多年的发展，现已成为国内第三方医学检验行业的市场领先企业。金域医学拥有全球领先的肾脏病超微病理诊断中心、对接国家级平台的呼吸道病毒诊断研究中心，先后被认定为国家高新技术企业、国家基因检测技术应用示范中心、国家知识产权示范企业、国家中小企业公共技术服务示范平台等，获批建立了医学检测技术与服务国家地方联合工程实验室、国家级的博士后科研工作站、广东省院士工作站、广东省企业重点实验室等国家、省部级的研发机构和研发平台。目前，金域医学正以第三方医检为主航道，通过大技术平台、大服务网络和大样本、大数据库，努力构建“医检+”生态圈：加快大样本、大数据在医检技术创新、人工智能方面的应用；同时不断完善临床药物试验、卫生检验、健康体检、司法鉴定等关联产业的发展。以公民意识服务社会，拥仁者之心守护国人，金域医学用切实行动助力健康中国梦。
300529.SZ,健帆生物,4810470.149394507,438550.8974315353,241,1196813354.44,DX-10型血液净化机、血液灌流机、一次性使用血浆胆红素吸附器、一次性使用血液灌流器,医疗美容器械、医用耗材,公司是具有创新技术的血液净化产品提供商，主要从事血液灌流相关产品的研发、生产与销售，自主研发的一次性使用血液灌流器、一次性使用血浆胆红素吸附器、DNA免疫吸附柱及血液净化设备等产品广泛应用于尿毒症、中毒、重型肝病、自身免疫性疾病、多器官功能衰竭等领域的治疗，可有效挽救患者生命或提高病患者生活质量。作为手术、药物之外的第三种疗法，血液净化技术正越来越广泛的用于各种疑难危重疾病的临床治疗。公司立足于产品研发及创新，依靠自身专业的营销团队，通过产品技术的学术推广及对各医疗机构的服务支持，为患者提供安全有效的血液净化产品。公司产品已通过CE认证、ISO国际质量管理体系认证，承担两项“国家重点新产品项目”和三项“国家级火炬计划项目”，获批组建广东省血液净化工程技术研究开发中心、省级企业技术中心、博士后科研工作站、院士工作站。
300363.SZ,博腾股份,4589815.09855139,644510.3534232365,241,523915383.33,多客户产品生产业务、医药定制研发生产业务、医药化工商贸业务,药品经销,公司是一家按照国际标准为跨国制药公司和生物技术公司提供医药定制研发生产服务的国家级高新技术企业。公司已形成国内东西部以及海外的“3+3+1”生产、研发、技术基地协同布局，即以重庆为核心，以浙江上虞、江西宜春为驱动的三个生产基地；以重庆、成都和上海相辅相成的三大研发中心；以美国新泽西州为价值延伸的海外技术中心。公司的主要服务内容包括为创新药提供医药中间体的工艺研究开发、质量研究和安全性研究，以及为创新药提供医药中间体的定制生产服务，包括研发阶段的小规模生产服务到商业化阶段的大规模生产服务。公司主要服务于临床试验至专利药销售阶段的创新药，服务的药品治疗领域包括抗艾滋病、抗丙肝、降血脂、镇痛、抗糖尿病等。公司致力于成为世界创新药公司优选的一站式医药定制研发生产合作伙伴，助力世界新药发展。
300003.SZ,乐普医疗,4484051.5416902695,552432.5727344399,241,1719324578.02,冠状动脉药物支架系统、呼吸系统用药、基层医院合作共建、精准医疗、抗微生物药、乐普医疗封堵器、消化系统用药、心血管健康咨询管理中心、心血管系统用药、血管内药物（雷帕霉素）洗脱支架系统、医疗金融服务、医疗科技孵化及股权投资、移动医疗、营养剂、远程心电监测、中枢神经系统用药、中药产品,循环系统用制剂、药品经销、医用辅助设备、医院、中药饮片、专业咨询服务,公司是一家专业从事冠脉支架、PTCA球囊导管、中心静脉导管及压力传感器的研发、生产和销售的企业，国内高端医疗器械领域能够与国外产品形成强有力竞争的为数较少的企业之一。自成立以来，相继完成了支架、导管等多项介入医疗核心产品的研制开发和产业化工作，在业内第一个获得国家药监局颁发的“冠状动脉支架输送系统”产品注册证(III类)、第一个研发并试制成功抗感染“药物中心静脉导管”。公司具备了心血管介入、麻醉监护产品的工业化生产能力，PARTNER药物支架成功上市使公司为拥有雷帕霉素药物支架生产技术的公司。
603456.SH,九洲药业,4006974.1401560577,440351.2362697096,241,633900939.63,九洲药业奥卡西平原料药及中间体、九洲药业格列齐特原料药及中间体、九洲药业马西平原料药及中间体、九洲药业酮洛芬原料药及中间体,医药中间体,公司是一家集研发、生产、销售医药原料药及中间体为一体的高新技术企业，主要产品类别包括专利原料药及中间体合同定制研发及生产业务(CDMO)、特色原料药及中间体业务(API)。公司建立了ISO9001管理体系、ISO14001环境管理体系、OHSAS18000职业健康安全管理体系。多个产品通过了国家GMP、美国FDA、欧洲COS等国家的官方认证，并与多家国际著名医药巨头建立了战略合作关系。公司先后获得全国医药行业百强企业、国家原料药出口龙头企业、国家高新技术企业、国家技术创新示范企业、中国制药工业百强企业、浙江省“三名”培育试点企业、浙江省创新型领军企业等荣誉，“九洲”品牌荣获“浙江省出口名牌”。
603127.SH,昭衍新药,3985527.525175382,395450.0450954357,241,557459609.09,动物药代动力学研究服务、非临床安全性评价服务、临床试验、实验动物及附属产品销售、药物筛选、药效学研究服务、政策法规咨询,医药中间体、专业咨询服务,公司主要从事以药物非临床安全性评价服务为主的药物临床前研究服务和实验动物及附属产品的销售业务；其中，药物临床前研究服务为公司的核心业务，业务范围包括非临床安全性评价服务、药效学研究服务、动物药代动力学研究服务等。公司还从事少量药物筛选等药物发现研究、临床试验、政策法规咨询等医药研发外包服务及相关的技术服务。
300676.SZ,华大基因,3976650.103931224,397625.78818257264,241,1461536272.38,I-III期临床测试、NIFTY（无创产前基因检测/胎儿染色体非整倍体检测）、PGS/PGD（胚胎植入前遗传学筛查与诊断）、伴随诊断、单基因病检测、地中海贫血基因检测、复杂疾病基因检测、基因检测、基因组测序、疾病致病机理研究、临床前测试、其他多组学解决方案、染色体异常检测、生物信息分析、新生儿耳聋检测、新生儿遗传代谢病检测、药物先导分子筛选和优化、遗传性肿瘤、肿瘤常规个体化用药基因检测、肿瘤个体化用药指导系列基因检测、肿瘤致病机理和相关基础研究,专业咨询服务,公司的主营业务为通过基因检测等手段，为医疗机构、科研机构、企事业单位等提供基因组学类的诊断和研究服务。公司秉承“基因科技造福人类”的愿景，以推动生命科学研究进展和提高全球医疗健康水平为出发点，基于基因领域研究成果及生物技术在民生健康方面的应用，进行科研和产业布局，致力于加速科学创新，减少出生缺陷，加强肿瘤防控，抑制重大疾病对人类的危害，实现精准治愈感染，助力精准医学。公司主要服务于国内外的科研院校、研究所、独立实验室、制药公司等机构，以及国内外的各级医院、体检机构等医疗卫生机构、公司客户和大众客户。
300832.SZ,新产业,3787411.524983112,137208.35963070538,241,973696489.03,新产业MAGLUM2000Plus全自动化学发光免疫分析仪、新产业MAGLUM4000全自动化学发光免疫分析仪、新产业MAGLUMI1000全自动化学发光免疫分析仪、新产业MAGLUMI2000全自动化学发光免疫分析仪、新产业MAGLUMI600全自动化学发光免疫分析仪、新产业传染病试剂、新产业代谢试剂、新产业肝纤维化试剂、新产业甲状腺试剂、新产业性腺试剂、新产业肿瘤标志物试剂,医疗器械用制剂、专用设备与零部件,公司主要从事研发、生产及销售系列全自动化学发光免疫分析仪器及配套试剂，是国内该领域的领先者。公司产品主要用于提供疾病的预防、诊断、治疗监测、预后观察、健康状态评价以及遗传性疾病预测等方面的诊断信息。公司所处行业为医疗诊断、监护及治疗设备制造业，具体为体外诊断行业。截至2020年3月31日，公司主要有8款全自动化学发光免疫分析仪器1，122项配套试剂2，均已获得医疗器械产品注册证，是国内提供化学发光免疫诊断试剂种类最多的供应商之一。此外，公司亦积极拓展生化分析产品线，截至2020年3月31日，公司拥有4款全自动生化分析仪器，并拥有39项配套试剂，均已获得医疗器械产品注册证。公司仪器型号系列化，能够满足不同用户对仪器测试速度、样本和试剂装载量的需求；配套试剂涵盖甲状腺、性腺、肿瘤标志物、代谢、肝纤维化、传染病等检测项目，能够满足不同用户的检测需求。
603658.SH,安图生物,3475659.5866357638,257135.22917012445,241,973663074.64,板式化学发光检测试剂、磁微粒化学发光检测试剂、检验仪器、胶体金检测试剂、酶联免疫检测试剂、免疫荧光检测试剂、微生物诊断试剂,生物诊断试剂、专用设备与零部件,公司专业从事体外诊断试剂及仪器的研发、生产和销售，形成了以免疫诊断产品为主、微生物检测产品特色发展的格局，产品品种齐全，能够为临床诊断提供一系列解决方案。公司产品覆盖了传染病到非传染病应用的各类检测领域，能够满足终端用户的各种检测需求。试剂品种涉及传染病、肿瘤、生殖内分泌、甲状腺功能、肝纤维化、优生优育、糖尿病、高血压、心脏病、泌尿生殖道疾病、呼吸系统疾病以及细菌分离培养、鉴定和药敏分析等多个检测领域。此外，公司一直坚持试剂与仪器共同发展，相关配套仪器涵盖了化学发光免疫分析仪、酶标仪、洗板机、联检分析仪、全自动样品处理系统、全自动化学发光测定仪等产品。公司努力打造具有全球品牌影响力的体外诊断产业公司。
300677.SZ,英科医疗,3432967.155505535,1044407.1639751038,241,7430075719.0,标签电极(TAB)、冰冰贴、超级冰袋、电刀笔、电极纸、丁腈手套、防护服、负极板、负极板连接线、冷热敷、冷热理疗袋、轮椅车、手杖、心电电极片、一次性PVC手套、一次性冰/热理疗袋、医用床边桌、助步器、助行器,医用耗材,公司是中国领先的一次性医疗耗材和医疗耐用设备制造商。主营业务涵盖医疗防护、康复护理、保健理疗、检查耗材等板块，主要产品包括一次性手套、轮椅、冷热敷、电极片等多种类型的护理产品，产品广泛应用于医疗机构、养老护理机构、家庭日用及其他相关行业。经历多年发展，英科医疗在全球已拥有多家子公司，在上海、美国洛杉矶、加拿大、马来西亚、德国等地分别设有销售办公室。公司战略定位于高端一次性PVC手套、丁腈手套(医疗级手套)的生产，是中国能够高比例持续稳定生产医疗级手套的极少数企业之一，拥有全球主要目标市场准入资质认证(如美国510K认证、NSF食品体系认证、加拿大CMDCAS认证、欧盟CE认证)等，产品质量达到并超过FDA和CE标准。
002223.SZ,鱼跃医疗,3297562.5850117053,458025.5316680498,241,1482421641.48,鱼跃2000轮椅车、鱼跃402AI超声雾化器、鱼跃403C压缩空气式雾化器、鱼跃7D电动洗胃机、鱼跃7E-D交直流吸痰器、鱼跃7F-3型氧护士制氧机、鱼跃7F-5制氧机(带雾化)、鱼跃AI型家庭保健药箱（不附器材）、鱼跃A型颈椎牵引器、鱼跃B型家庭保健药箱（不附器材）、鱼跃H032轮椅车、鱼跃H100轮椅车、鱼跃IN-615P单用听诊器(白金版)、鱼跃IN-747GPF双用听诊器(黄金版)、鱼跃XY-98BⅢ氧气吸入器、鱼跃XY-98BII墙式氧气吸入器、鱼跃YU821手杖、鱼跃便携式压缩氧自救器、鱼跃单用新型铝合金听诊器、鱼跃防护眼罩、鱼跃人工流产器械箱、鱼跃三用听诊器、鱼跃双翼阴道扩张器（检查小号）、鱼跃血压表、鱼跃血压计,医用辅助设备、医用耗材、诊断治疗设备,公司是一家以提供家用医疗器械、医用临床器械和互联网医疗服务为主要业务的公司，而研发、制造和销售医疗器械产品是公司目前的核心业务，也是目前公司主要业绩来源。公司器械产品主要集中在呼吸供氧、康复护理、手术器械、高值耗材、中医诊疗器械、药用贴膏及高分子卫生辅料等领域。公司紧紧把握科技发展趋势，以专业的临床医学为基础，为患者提供远程慢病管理、远程医学诊断等云端医疗服务，颠覆传统的医疗模式，为医患之间的沟通提供便利，有效缓解稀缺的医疗资源。同时并积极联动数字云技术，在医疗专业领域实现大数据价值延伸。公司矢志于投身生命健康事业，将专业的健康管理理念与先进的产品方案带入万千家庭，打造了由家庭医疗、临床医疗、互联网医疗组成的大健康生态圈，组建一个全面覆盖医疗器械的专业化服务平台。
688202.SH,美迪西,3147097.089888614,337547.4365145228,241,282222910.23,蛋白靶标验证、毒理学安全性评价研究、化合物活性筛选及优化、化学合成、结构生物学、药代动力学、药效学、原料药与制剂工艺研究、质量标准和稳定性研究,化学试剂、生物诊断试剂、药品经销,公司是一家专业的生物医药临床前综合研发服务CRO，为全球的医药企业和科研机构提供全方位的符合国内及国际申报标准的一站式新药研发服务。公司的CRO服务涵盖药物发现、药学研究以及临床前研究。公司为国内大型制药企业及众多新兴的知名创新生物技术企业提供全方位新药临床前研发服务，是少数拥有国内领先、国际先进、符合国际临床前研究标准的综合性技术服务平台的临床前CRO企业之一。公司主要通过接受客户的委托，开展新药研究服务，并按照合同约定将研究成果和数据等资料移交给客户，从而向客户收取研究服务费来实现盈利。公司拥有全面的临床前新药研发能力及丰富的研发经验，公司创始人CHUN-LIN CHEN先生是“千人计划”国家特聘专家，各业务板块主要管理人员都在医药研发领域经验丰富，公司的研究质量控制体系达到国际先进水平。
002044.SZ,美年健康,3089125.9476880957,459886.0320788382,241,64136014.05,电话预约、个检服务、健康沙龙、健康信使、绿色就医、团检服务、中医体检、专家面对面、专项体检,医院、专业咨询服务,公司是一家以健康体检为核心，集健康咨询、健康评估、健康干预于一体的专业体检和医疗服务集团，也是目前中国最大的个人健康大数据平台。公司拥有“美年大健康”、“慈铭体检”、“慈铭奥亚”、“美兆体检”等多个健康体检品牌，将贯彻“多品牌、多层次”的经营战略，在品牌定位上实现差异化和互补。其中：“美年大健康”和“慈铭体检”定位于服务大众健康体检的专业连锁品牌；“慈铭奥亚”定位于服务中高端团体健康体检及综合医疗服务的专业连锁品牌；“美兆体检”定位于服务高端个人健康体检专业连锁品牌。通过实施多品牌战略，为客户提供多层次、全方位、精准化、个性化的健康服务。
688139.SH,海尔生物,2948851.5510286805,175002.5039211618,241,845035305.76,-30℃自动化冷库/血浆库、BIMS生物样本库信息管理系统、U-Cool冷链监控系统、冰衬疫苗冷藏箱/冷冻箱、超低温保存箱、低温保存箱、低温防爆保存箱、低温风冷保存箱、洁净台、生物安全柜、太阳能疫苗冷藏箱/冷冻箱、物联网 恒温转运箱、物联网接种台疫苗冷藏箱、物联网冷链室疫苗冷藏箱、物联网试剂冷藏箱、物联网血液冷藏箱、物联网云芯超低温保存箱、血液冷藏箱、液氮罐,行业专用软件、金属包装制品、制冷器具、专用设备与零部件,公司是基于物联网转型的生物科技综合解决方案服务商。公司主要为生物样本库、药品与试剂安全、血液安全、疫苗安全、生命科学实验室等五大应用场景提供低温存储解决方案。公司打破国外垄断，突破生物医疗低温技术，荣获行业内唯一的国家科技进步奖。市场份额位居国产品牌公司首位，并成为世界卫生组织(WHO)、联合国儿童基金会(UNICEF)的长期采购供应商。公司的销售模式包括经销和直销，公司盈利模式为向客户提供综合解决方案，既包括销售公司自产的低温存储设备，也会根据客户需求从第三方采购器材和用品。公司具有行业领先的技术实力与产业化经验，建立了覆盖全国的经销网络和售后服务体系。公司致力于低温存储设备制造与物联网平台的融合，在行业内占据了先发优势。
300253.SZ,卫宁健康,2912212.414580369,279855.6733432203,236,378174115.45,公共卫生信息管理系统、医技信息管理系统、医院信息管理系统,行业专用软件,公司是国内第一家专注于医疗健康信息化的上市公司，致力于提供医疗健康卫生信息化解决方案，不断提升人们的就医体验和健康水平。公司通过持续的技术创新，自主研发适应不同应用场景的产品与解决方案，业务覆盖智慧医院、区域卫生、基层卫生、公共卫生、医疗保险、健康服务等领域，是中国医疗健康信息行业最具竞争力的整体产品、解决方案与服务供应商。多年来，公司产品获得了“国家级火炬计划项目”、“国家重点新产品”、“上海市火炬计划项目”、“上海市高新技术成果转化认定项目”、“上海市重点新产品”等诸多殊荣，并获得国家及上海市科技创新基金的资助。
688029.SH,南微医学,2893732.5926750205,189377.54452697092,241,324750539.99,FNA穿刺活检针1、FNB穿刺活检针2、斑马导丝、鼻胆引流管、肠道支架/TTS肠道支架、胆道支架/TTS胆道支架、靛胭脂粘膜染色剂、高频电刀、活检钳、可携带125I放射粒子支架、可旋转重复开闭软组织夹、扩张球囊、南京微创ERCP、南京微创活检钳、南京微创其他手术辅助耗材、南京微创清洁刷、南京微创细胞刷、南京微创支架及置入器、南京微创止血夹、气管支架、切开刀、取石球囊、取石网篮、圈套器、三级扩张球囊、食道支架、塑料支架、套扎器、微波消融仪、微波消融针、细胞刷、一次性内窥镜用注射针,手术与注射器械,公司是一家主要从事微创医疗器械研发、制造和销售的企业。公司主要产品包括内镜诊疗器械和肿瘤消融设备及耗材。公司作为我国内镜诊疗器械行业的重要生产商，部分产品已经具备与国外主要竞争对手竞争的能力。公司子公司微创美国是美国最大的采购组织之一HPG的合格供应商，公司子公司康友医疗是我国领先的肿瘤消融设备及耗材制造商，产销规模占据行业突出位置。公司主要销售模式有经销、直销及贴牌销售。公司重视研发，建立了内镜诊疗、肿瘤消融、光学相干断层扫描成像(OTC)三大技术平台，形成了多项行业领先的核心技术。此外，公司建立起了覆盖国内外的营销网络，形成了广阔的市场覆盖，产品已销售至50多个国家和地区。
688301.SH,奕瑞科技,2792451.314783917,193386.4822987552,241,484039540.68,齿科系列、放疗系列、工业安防系列、普放无线系列、普放有线系列、乳腺系列,电子测试和测量仪器、诊断治疗设备,公司是一家以全产业链技术发展趋势为导向、技术水平与国际接轨的数字化X线探测器生产商，主要从事数字化X线探测器研发、生产、销售与服务，产品广泛应用于医学诊断与治疗、工业无损检测、安防检查等领域。公司为全球少数几家同时掌握非晶硅、IGZO、CMOS和柔性基板四大传感器技术并具备量产能力的X线探测器公司之一。公司产品在图像性能、质量稳定性和可靠性等方面已达到全球领先水平，并通过在高性能闪烁体制备、高灵敏度低噪声传感器和电子电源设计、嵌入式智能系统和图像算法等领域的技术突破，成功实现了差异化布局，提升了公司的核心竞争力。公司经过多年发展，已成为全球数字化X线探测器行业知名企业，产品远销亚洲、美洲、欧洲等地共计70余个国家和地区，得到柯尼卡、锐珂、富士、西门子、飞利浦、安科锐、DRGEM、上海联影、万东医疗、普爱医疗、蓝韵影像、东软医疗及深圳安科等国内外知名影像设备厂商的认可。
002030.SZ,达安基因,2756257.361725145,668306.7411244813,241,3618186564.12,达安EB病毒（EBV）核酸扩增PCR荧光检测试剂盒、达安SARS病毒检测试剂盒、达安丙肝病毒检测试剂盒、达安单纯疱疹病毒通用型（HSV）核酸扩增PCR荧光检测试剂盒、达安肺炎支原体（MP）核酸扩增PCR荧光定量检测试剂盒、达安分子生物学仪器、达安弓形虫（TOX）核酸扩增PCR荧光检测试剂盒、达安呼吸道合胞病毒(RSV)核酸扩增荧光检测试剂盒、达安甲型肝炎病毒（HAV）核酸扩增PCR荧光检测试剂盒、达安结核杆菌检测试剂盒、达安解脲脲原体（UU）核酸扩增PCR荧光定量检测试剂盒、达安巨细胞病毒（HCMV）核酸扩增PCR荧光检测试剂盒、达安淋球菌（NGH）核酸扩增PCR荧光检测试剂盒、达安梅毒螺旋体（TP）核酸扩增PCR荧光检测试剂盒、达安人类免疫缺陷病毒1型（HIV-1）核酸扩增PCR荧光定量检测试剂盒、达安人乳头瘤病毒核酸扩增PCR荧光定量检测试剂盒、达安沙眼衣原体种检测试剂盒、达安炭疽杆菌（BA）核酸扩增（PCR）荧光检测试剂盒、达安腺病毒（ADV）核酸扩增PCR荧光检测试剂盒、达安血液筛查NAT系统、达安乙肝病毒检测试剂盒、达安荧光分光光度计、达安荧光基因探针PCR、达安幽门螺旋菌（HP）核酸扩增PCR荧光检测试剂盒,生物诊断试剂、诊断治疗设备,公司是以分子诊断技术为主导的，集临床检验试剂和仪器的研发、生产、销售以及全国连锁医学独立实验室临床检验服务为一体的生物医药高科技企业。公司在分子生物学技术方面，尤其是基因诊断技术及其试剂产品的研制、开发和应用上始终处于领先地位，目前主要从事荧光PCR检测技术研究、开发和应用，以及荧光PCR检测试剂盒的生产和销售。公司不断完善创新机制，以全面的技术创新、管理创新、经营模式创新，探索生命的奥秘，以一流的产品和服务推动公司的不断成长。
688289.SH,圣湘生物,2666082.987551867,166883.64927800832,241,2242696395.58,POCT移动分子诊断系统系列仪器、病毒性肝炎系列试剂、第三方医学检验服务、儿科感染系列试剂、核酸提取系列试剂、核酸血液筛查系列试剂、呼吸道感染系列试剂、科研、公共卫生、动物疫病系列试剂、科研服务、全自动核酸检测反应体系构建系列仪器、生化系列试剂、生殖道感染与遗传系列试剂、荧光PCR检测分析软件,行业专用软件、生物诊断试剂、医院、诊断治疗设备,"公司是一家以自主创新基因技术为核心，集诊断试剂和仪器的研发、生产、销售，以及第三方医学检验服务于一体的体外诊断整体解决方案提供商，是国内技术先进、产品齐全的体外诊断领军企业之一，致力于成为全球领先的创新型高端分子诊断企业和基因科技的普惠者，服务于各类疾病防控、突发疫情防控等全民健康事业，助力国家精准医疗体系和分级诊疗体系建设，公司建立了完善的全流程质控体系和营销服务体系，产品已在全国2,000多家标杆医院、第三方医学检验机构及其他医疗机构广泛使用，并远销全球40多个国家，公司自主研发的创新型技术和产品，填补了国内多项空白，获得国家科技进步二等奖、中国专利优秀奖等国家级重大奖项20余项，被评为国家知识产权示范企业、国家高新技术企业。"
688050.SH,爱博医疗,2509263.4633278674,249440.11847302903,241,171344218.27,动物用晶体、角膜塑形用硬性透气接触镜、可折叠一件式人工晶状体、泪液分泌检测滤纸、囊袋张力环、人工晶状体、人工晶状体(含预装式)III类医疗器械、人工晶状体(含预装式)欧盟认证IIb类、眼科手术器械、一次性人工晶状体植入系统、一次性使用眼科手术用刀、医用透明质酸钠凝胶、硬性透气角膜接触镜,手术与注射器械、医疗器械用制剂、医用辅助设备、医用耗材,"公司是由国家“千人计划”和北京市“海聚工程”特聘专家解江冰博士创办的高新技术企业，专注于眼科医疗器械的自主研发、生产、销售及相关服务。目前公司主要产品覆盖手术和视光两大领域，主要针对白内障和屈光不正这两大类造成致盲和视力障碍的主要眼科疾病，其中手术领域的核心产品为人工晶状体，视光领域的核心产品为角膜塑形镜，以及围绕这两项核心产品研发生产的一系列配套产品。公司中长期发展目标是开发眼科全系列医疗产品，包括植入类眼科耗材、手术器械、手术设备、视光产品、眼科制剂等产品，覆盖白内障、屈光不正、青光眼、眼底病变等诸多领域，成为国内眼科医疗领域的创新型领军企业。公司专利ZL201210017055.4后房型人工晶状体获得“第二十一届中国专利优秀奖”。公司人工晶状体产品上市以来，已覆盖国内30多个省、自治区和直辖市的1,000多家医院，并且已出口至德国、法国、荷兰、意大利、奥地利、卢森堡、泰国、巴基斯坦等国家，累计销售近100万片。2015年至今，公司产品密集入选中国政府对非洲和“一带一路”国家“光明行”医疗援助项目，为20多个国家的患者带来光明，打破了中国白内障医疗援外项目主要使用进口人工晶状体的局面。"
688298.SH,东方生物,2442564.6473029046,711094.702493776,241,4920188146.66,癌胚抗原检测试剂盒、丙型肝炎病毒抗体检测试剂盒、促黄体生成素检测试剂盒、大便隐血检测试剂盒、大麻联检试剂盒、低密度脂蛋白胆固醇（LDLC）测定试剂盒、多项尿液分析试纸条、甘油三酯（TG）测定试剂盒、高密度脂蛋白胆固醇(HDLC)测定试剂盒、肌红蛋白/肌酸激酶同工媚/心肌肌钙蛋白三合一检测试剂盒、甲胎蛋白检测试剂盒、可卡因联检试剂盒、吗啡联检试剂盒、疟疾检测试剂盒、前列腺特异抗原检测试剂盒、人类免疫缺陷病毒抗体检测试剂盒、人绒毛膜促性腺激素检测试剂盒、同型半胱氨酸测定试剂盒、唾液酒精检测试纸条、心肌肌钙蛋白I检测试剂盒、幽门螺旋杆菌检测试剂盒,生物诊断试剂,公司是一家专业从事体外诊断产品研发、生产与销售的公司，目前已完成从抗原抗体等生物原料，到体外诊断试剂以及体外诊断仪器的全产业链布局，形成了以POCT即时诊断试剂为主导产品，重点发展分子诊断、生物原料、诊断仪器和液态生物芯片等产品的业务格局。发行人一直秉承全球化发展战略，已取得CFDA产品证书及备案凭证66项，FDA(510K)产品认证31项，欧盟CE产品认证225项，加拿大MDL产品认证67项，墨西哥医疗器械产品认证3项，产品远销北美洲、亚洲、非洲、欧洲、南美洲和大洋洲，客户遍布全球一百多个国家，并在美国、加拿大设立了全资子公司，外销占比约95%，是国内少有的全面打开海外市场的医疗器械生产企业。发行人依托全球化的研发团队，建立了“体外诊断试剂省级高新技术企业研究开发中心”和“院士专家工作站”，与比尔及梅琳达·盖茨基金会、上海交通大学、浙江大学、浙江省生物治疗重点实验室等国内外机构展开了合作，先后承担了国家火炬计划、湖州南太湖精英计划等多项科研项目，成功研发了多项体外诊断产品，获得了国家火炬计划产业化示范项目证书、浙江省重点高新技术产品、湖州市科学技术进步奖、浙江省级科学技术成果登记证书等多项荣誉。
002901.SZ,大博医疗,2165231.406983569,85936.74815767635,241,673309413.17,骨针、线缆、脊柱接骨板（前路）、脊柱内固定器（后路）、空心钉、颅骨修复钛网系列、普通钉板、髓内钉、锁定钉板、外固定器、硬脑膜、椎间融合器,医用耗材,公司是一家以骨科、神经外科、微创外科为主的综合性医疗集团，是国家火炬计划重点高新技术企业，也是国内具有竞争力的骨科植入物生产企业之一。公司主营业务系医用高值耗材的生产、研发与销售，主要产品包括骨科创伤类植入耗材、脊柱类植入耗材及神经外科类植入耗材、微创外科耗材等。公司先后通过了FDA、CE、ISO13485、GMP等专业认证，产品品质不断超越国际标准，得到国内外用户的一致认可。
300482.SZ,万孚生物,2161195.271489195,604199.7925020747,241,634433145.2,多通道免疫荧光检测仪、检测试剂杯型、检测试剂笔形、检测试剂卡型、检测试剂条形、免疫荧光检测仪、全自动免疫荧光检测仪、血糖仪,电子测试和测量仪器、生物诊断试剂,"公司致力于生物医药体外诊断(in vitro diagnosis,IVD)行业中快速检测(point-of-care testing,POCT)产品(包括试剂和仪器)的研发、生产和销售，为顾客提供专业的快速诊断与慢病管理的产品和服务。万孚生物构建了完善的胶体金与胶乳标记层析技术平台、荧光标记定量检测技术平台、干式生化以及电化学定量检测、分子诊断等技术平台，产品涵盖传染病、妊娠、心血管疾病、毒品、肿瘤疾病、代谢疾病等业务领域。百余种产品应用于各级医院、社区门诊、卫生院、OTC药房以及疾病控制中心、公安、军队等特殊渠道。公司在美国成立了子公司和研发中心，在德国、肯尼亚、印尼成立了营销中心，并与欧洲零售巨头BOOTS、亚洲零售巨头WATSONS、南欧零售连锁著名品牌SONAE，以及国内海王星辰、金象、老百姓大药房等建立了稳定的合作关系，为全球180多个国家和地区客户提供产品解决方案和技术支持。"
688366.SH,昊海生科,2046050.3975103733,227332.31893361,241,352235233.39,玻璃酸钠注射液、玻尿酸、人工晶状体、润眼液、视光材料、眼科粘弹剂、医用几丁糖（防粘连用）、医用几丁糖（关节腔内注射用）、医用胶原蛋白海绵、医用透明质酸钠凝胶、重组人表皮生长因子,化学试剂、生物诊断试剂、医疗器械用制剂,公司是一家应用生物医用材料技术和基因工程技术进行医疗器械和药品研发、生产和销售的科技创新型企业，致力于通过技术创新及转化、国内外资源整合及规模化生产，为市场提供创新医疗产品，逐步实现相关医药产品的进口替代，成为有关生物医用材料领域的领军企业。经过十余年不断自主创新和产业整合，公司完成了以医用透明质酸钠/玻璃酸钠和医用几丁糖为代表的可吸收生物医用材料的行业重组，实现了创新基因工程药物重组人表皮生长因子的产业化，进而在眼科、整形美容与创面护理、骨科和防粘连及止血四个主要业务领域取得了行业领先优势。此基础之上，公司通过一系列并购，构建了从原料制备、光学设计、创新工艺研发到规模化生产和专业市场营销的人工晶状体全产业链。
600529.SH,山东药玻,2031306.294362336,371916.9120705394,241,591088499.35,沂蒙安瓿、沂蒙丁基胶塞、沂蒙管瓶、沂蒙管制药用玻璃瓶、沂蒙铝塑盖、沂蒙铝塑盖塑料瓶、沂蒙模制药用玻璃瓶、沂蒙输液瓶、沂蒙塑料瓶、沂蒙药用玻璃管、沂蒙棕色瓶,玻璃容器、塑料包装制品,"公司以医药、食品、日用品行业为服务对象，生产各种药用、食品、日用品包装材料,产品市场覆盖32个省、市、自治区，并远销欧、美、俄、日、韩、东南亚等60多个国家和地区，每年为制药、食品、化妆工业提供百亿支各种规格的包装产品，这些产品中有模制抗生素瓶系列产品、管制瓶系列产品、棕色瓶系列产品、中性硼硅玻璃系列产品、输液瓶系列产品、日化瓶系列产品、食品瓶系列产品、丁基橡胶塞系列产品、预灌封注射器系列产品、铝塑盖系列产品、塑料瓶系列产品等，适用于制药工业粉针、水针、输液、口服液、冻干、生物制剂、片剂等不同药品制剂及食品、化妆品的包装需要。其中公司的主导产品模制抗生素瓶销往国内外各制药企业，与上药集团、广药集团、哈药集团、华北制药集团、东瑞制药、辉瑞制药、中美上海施贵宝等1200多家中外制药厂家建立了长期稳定的供货关系。公司已成为中国最大的医药玻璃专业制造商，生产规模位居亚洲前列。"
300244.SZ,迪安诊断,2022006.649254473,271391.9400041494,241,1162884346.85,Cobas 4000系列产品、Cobas 6000分析仪系列、LightCycler480高通量实时荧光定量PCR系统、MagNA Pure Compact 全自动快速核酸纯化系统、MagNA Pure LC 2.0 全自动核酸纯化与加样系统、Modular Analytics EVO血清工作站(SWA)、PCR 试剂、PyroMark Q24、PyroMarkID焦磷酸测序仪、QIAcube 全自动核酸和蛋白纯化工作站、法国SEBIA电泳试剂、广州康润TORCH试剂、科宝XS全自动尿有形成分分析仪、罗氏ECL试剂、罗氏荧光定量PCR仪,生物诊断试剂、诊断治疗设备,公司是一家独立的第三方医学诊断服务平台，主要向各级医疗卫生机构提供以医学诊断服务外包为核心业务的医学诊断服务整体解决方案。经过多年的发展，公司现已形成具有迪安特色的“服务+产品”的一体化商业模式，公司不仅可以向各级医疗卫生机构提供医学诊断服务外包业务，还可以向其提供国内外知名的诊断产品。公司已在全国布局20余家连锁化实验室，并相继通过ISO15189与CAP国际质量认证认可体系，为全国12000多家医疗机构提供以服务外包为核心的医学诊断服务整体解决方案。
688198.SH,佰仁医疗,1998612.56345283,56423.49520331951,241,51198204.92,瓣膜成形环、涤纶补片、动脉导管未闭封堵器、房缺封堵器、肺动脉带瓣管道、人工生物心脏瓣膜（牛心包瓣）、人工生物心脏瓣膜（猪主动脉瓣）、神经外科生物补片、生物疝补片、心胸外科生物补片、心血管病封堵器输送系统,医疗美容器械,公司是国内技术领先的、专注于动物源性植介入医疗器械研发与生产的高新技术企业，产品应用于心脏瓣膜置换与修复、先天性心脏病植介入治疗以及外科软组织修复。公司已获准注册10个Ⅲ类医疗器械产品，其中人工生物心脏瓣膜(牛心包瓣、猪主动脉瓣)、肺动脉带瓣管道、瓣膜成形环、心胸外科生物补片等5项产品为国内首个获准注册的同类产品，填补了国内空白。公司产品已在北京安贞医院、解放军301医院、复旦大学附属中山医院、广东省人民医院、河南省人民医院、四川大学华西医院、沈阳军区总医院、上海儿童医学中心等300余家国内三甲医院里临床应用。公司具备较强的自主创新能力。公司曾先后荣获“中关村国家自主创新示范区创新型试点企业”、“首届中国创新创业大赛企业组第一名”、“北京市科学技术奖三等奖”等奖项及荣誉称号。公司产品肺动脉带瓣管道入选科技部《创新医疗器械产品目录(2018)》，并荣获“北京市新技术新产品(服务)证书”，公司产品心包补片、人工心脏瓣膜、瓣膜成形环、涤纶补片、封堵器(动脉导管未闭封堵器和房缺封堵器)及输送系统曾先后获得“北京市自主创新产品证书”。
688016.SH,心脉医疗,1942953.0122991288,230524.4472738589,241,315855662.84,Aegis分叉型大动脉覆膜支架及输送系统、Castor分支型主动脉覆膜支架及输送系统、CRONUS术中支架系统、CROWNUS外周血管支架系统、Hercules Low Profile直管型覆膜支架及输送系统、Hercules分叉型覆膜支架及输送系统、Hercules球囊扩张导管、Minos腹主动脉覆膜支架及输送系统、Reewarm外周球囊扩张导管,医用辅助设备,"公司是一家从事主动脉及外周血管介入医疗器械研发,生产及销售的高新技术企业,在主动脉介入医疗器械领域，公司是国内产品种类齐全、规模领先、具有市场竞争力的企业之一，公司在该领域的主要产品为主动脉覆膜支架系统；在外周血管介入医疗器械领域，公司深耕多年，目前拥有外周血管支架系统、外周血管球囊扩张导管等产品；公司掌握了涉及治疗主动脉疾病的覆膜支架系统的核心设计及制造技术，成功开发出第一个国产腹主动脉覆膜支架、国内唯一获批上市的可在胸主动脉夹层外科手术中使用的术中支架系统,根据弗若斯特沙利文公司的相关研究报告，按照产品应用的手术量排名，公司在我国主动脉血管介入医疗器械市场份额排名第二，国产品牌中市场份额排名第一。"
300869.SZ,康泰医学,1916560.732760166,261639.60656846472,241,352353389.5,康泰医学B超系列、康泰医学肺功能仪系列、康泰医学分析测试仪系列、康泰医学监护系列、康泰医学模拟仪系列、康泰医学脑电系列、康泰医学输液辅助系列、康泰医学胎监系列、康泰医学胎心系列、康泰医学心电系列、康泰医学血压系列、康泰医学血氧系列、康泰医学制氧机、康泰医学组合产品,诊断治疗设备,"公司属于医疗器械行业，是一家专业从事医疗诊断、监护设备的研发、生产和销售的高新技术企业。公司自设立以来始终致力于医疗诊断、监护设备的研发、生产和销售，产品涵盖血氧类、心电类、超声类、监护类、血压类等多个大类，建立了完善的研发、生产和销售体系。公司产品凭借良好的性能和较高的品牌知名度，已经累计销售至全球130多个国家和地区。公司位于重点发展医疗器械产业的秦皇岛经济技术开发区，占地一百余亩，建筑面积超过10万平方米，是全国最大的医疗器械研发生产基地之一,拥有完整、科学的质量管理体系，企业的诚信、实力和产品质量获得业界的认可。"
300463.SZ,迈克生物,1795205.4307479667,249846.7735228216,241,956604404.94,体外诊断产品,诊断用制剂,公司一直以来专注于体外诊断产品的研究、生产、销售和服务，是体外诊断产品系统的研发、生产、销售、服务企业，拥有国际一流的诊断产品研发团队，在数名科学家的带领下，建立了临床生化、发光免疫、快速诊断、血栓与止血、分子诊断的产品技术开发平台。公司是国际临床化学与检验医学联合会(IFCC)在中国的第一家企业会员，是中国首批建立酶学参考实验室的体外诊断产品生产企业，迈克诊断产品的溯源成果达到国际先进水平。公司是经国家相关部门认证的“高新技术企业”，先后通过了CMDISO13485、CQCISO14001、TUVISO13485认证和部分产品CE认证并于2013年获得CNAS医学参考实验室认可。公司拥有国际一流的产品生产条件及生产管理水平，能向市场提供涵盖临床生化、发光免疫、快速诊断、血栓与止血等专业项目多达几百种高品质产品。
002382.SZ,蓝帆医疗,1730621.4331094355,322709.6431410788,241,1155709191.19,PVC手套,高分子聚合物,公司是中低值耗材和高值耗材完整布局的医疗器械龙头企业。主要产品为医疗手套、健康防护手套、急救包、医用敷料等为主的医疗防护产品线，主打产品PVC手套的全球市场份额占比高。高值耗材板块的主要产品为心脏支架及介入性心脏手术相关器械产品，其业务通过新加坡柏盛国际集团来运营，在全球多个国家拥有业务。公司立足自身基因，拓展产业的领域及成长模式，发展方向为“防护”+“医疗”双领域，其中健康防护领域的目标，是要由现在的全球PVC手套大王，发展成为中国健康防护领域龙头企业；医疗健康领域的目标，是通过并购，进入医疗器械领域，实现公司由低值耗材向高值耗材的跨越，进而在该领域打造平台，构建出全新的产业链条和商业生态。
300685.SZ,艾德生物,1654021.141026971,133212.7178879668,241,239573622.91,BRAF 基因V600E 突变检测试剂盒、EGFR 基因突变检测试剂盒、EGFR/ALK/ROS1 基因突变联合检测试剂盒、EML4-ALK 基因融合和 ROS1基因融合联合检测试剂盒、EML4-ALK 融合基因检测试剂盒、ERCC1 基因表达水平检测试剂盒、HER-2 基因扩增检测试剂盒、KRAS 基因突变检测试剂盒、KRAS/NRAS 基因突变检测试剂盒、KRAS/NRAS/BRAF 基因突变联合检测试剂盒、KRAS/NRAS/PIK3CA/BRAF 基因突变联合检测试剂盒、NRAS 基因突变检测试剂盒、PIK3CA 基因突变检测试剂盒、ROS1 基因融合检测试剂盒,生物诊断试剂,公司是我国首家专业化的肿瘤精准医疗分子诊断试剂研发生产企业，公司主营业务系肿瘤精准医疗分子诊断产品的研发、生产及销售，并提供相关的检测服务。公司产品主要用于检测肿瘤患者相关基因状态，为肿瘤靶向药物的选择和个体化治疗方案的制定提供科学依据。公司是我国首家专业化的肿瘤精准医疗分子诊断试剂研发生产企业，公司具有自主知识产权的核酸分子检测技术(ADx-ARMS)是目前国际上肿瘤精准医疗分子诊断领域领先的技术之一，在肿瘤相关基因突变检测方面具有敏感、特异、简便、快捷的优点，适合于各种检测样本，并可用于多重基因高通量检测，达到行业公认的国际先进水平。基于核心技术的优势，公司成功研发出20余种肿瘤精准医疗分子诊断试剂，是同行业产品种类最为齐全的企业之一。针对目前肿瘤精准医疗最重要的EGFR、KRAS、BRAF、EML4-ALK、PIK3CA、ROS1、NRAS、Her-2等基因位点，公司陆续研发了13种独立或联合检测试剂，均为我国首批取得国家药监局医疗器械注册证书和通过欧盟CE认证的产品。基于上述产品，公司同时为患者和医疗机构提供专业的肿瘤精准医疗分子检测服务。
300981.SZ,中红医疗,1495668.9169294606,207900.54620746887,241,2341903879.36,中红医疗PE手套、中红医疗PVC手套、中红医疗丁腈手套、中红医疗乳胶手套,高分子聚合物,公司主要从事高品质丁腈手套、PVC手套等医用及工业用一次性防护手套的研发、生产与销售。公司是国内最早生产销售PVC手套和丁腈手套的企业之一，自成立以来，始终专注于一次性健康防护领域，致力于为医疗、防护、食品、电子等行业客户提供性能稳定、品质卓越的防护手套产品，在国内外一次性健康防护手套市场拥有较高的知名度。公司被河北省科学技术厅认定为“河北省科技型中小企业”，被中国出口信用保险公司评为AAA+级客户。经过多年的经营积累及自主创新，公司现拥有26项专利技术，累计开发多种规格的一次性健康防护手套，可满足客户对手套性能、尺码、颜色、克重、长短等多种规格要求。公司先后通过了ISO9001国际质量体系认证、美国FDA认证、欧盟CE认证、ISO13485国际质量体系认证等，产品出口到北美、欧洲、日本等国外发达国家和地区的医疗、防护、食品、电子加工市场，远销美国、加拿大、德国、英国、法国、意大利、西班牙、荷兰、挪威、瑞典、澳大利亚、新西兰、日本等全球众多国家和地区。
300298.SZ,三诺生物,1491785.5082470125,70416.15384647303,241,107569179.71,安稳血糖仪、安准血糖仪、尿微量白蛋白检测试条、血糖/尿酸双功能检测仪、智能血糖仪,诊断用制剂、诊断治疗设备,公司是国内最早的生产血糖监测系统产品的厂商之一，也是国家生物医学工程高技术产业化示范项目的承担单位。主营业务是利用生物传感技术研发、生产、销售即时检测(POCT)产品，主要产品为微量血快速血糖测试仪及配套血糖检测试条。公司通过了德国技术集团质量体系认证与欧盟CE认证，同时公司作为国家生物医学工程高技术产业化示范项目，多次获得国家创新基金支持，并率先通过了ISO13485质量管理体系认证及欧盟CE认证。公司生产的“三诺”系列血糖仪及配套试纸，以其“准确、简单、经济”的特点，获得广大消费者的认可。
300451.SZ,创业慧康,1320807.5730046355,184005.68013559323,236,413039235.38,公共卫生信息化应用软件、医院信息化应用软件,行业专用软件,公司是国家级高新技术企业、国家规划布局内重点软件企业、国家火炬计划软件产业基地骨干企业、华东医疗行业十佳系统集成商等，是我国医疗卫生行业应用软件发展的重点企业。公司一直专注于医疗卫生行业的信息化建设业务，主要业务分为医疗卫生信息化应用软件和基于信息技术的系统集成业务。公司拥有一支由医疗卫生行业专家领衔，众多相关专业技术人员组成的团队，具有强大的技术研发能力和丰富的项目实施经验。先后承担了国家电子发展基金项目、国家高新技术产业化项目、国家火炬计划项目、国家创新基金项目等40多项国家、省、市级重大技术研发项目。
300143.SZ,盈康生命,1038557.2537411618,146571.01026970954,241,-364080340.52,第二代头部伽玛刀、第一代头部伽玛刀、体部伽玛刀、医疗服务,医疗美容器械、专业咨询服务,公司原主营鲜品食用菌的研发、生产和销售，主要产品包括金针菇、真姬菇和白玉菇等鲜品食用菌。2016年公司通过收购玛西普100%股权将进入放射外科设备领域，注入盈利能力较强，发展前景广阔的医疗器械业务。玛西普便专注于伽玛刀的研发、销售和服务，目前已成为领先的大型立体定向放射外科治疗设备供应商。玛西普自成立以来，专注于伽玛刀产品的生产、研发、销售和服务，目前生产拥有自主知识产权的伽玛刀包括：第一代头部伽玛刀、第二代头部伽玛刀和体部伽玛刀三种产品，并先后获得中国CFDA认证、美国FDA认证和欧盟CE认证等权威认证资质，已出口至多个国家，为国内大型医疗设备真正进入国际市场，特别是美国等发达国家市场并实现临床应用树立了标杆。
688277.SH,天智航-U,1033191.3230758174,87783.87308713693,241,-79933159.39,天智航多功能骨科复位器（GQ-B型）、天智航骨科机器人导航定位系统、天智航数字化手术室系统、天智航智能化全透X光手术平台（TC-6型）、天智航智能微创手术中心解决方案,医用辅助设备、诊断治疗设备、专业咨询服务,公司是国内骨科手术机器人行业的领军企业，始终专注于骨科手术机器人的研发、生产、销售和服务。以骨科手术机器人为核心产品，为医疗机构提供的产品和服务主要涵盖骨科手术机器人、手术中心专业工程、配套设备与耗材、技术服务四个方面，公司是我国骨科手术机器人产业化的先行者，创始团队成功研制出拥有我国自主知识产权的骨科手术机器人产品，是首家获得CFDA核发的第三类医疗器械注册证的“骨科机器人导航定位系统”。公司第三代产品于2016年11月获得CFDA核发的第三类医疗器械注册证，该产品各项性能指标达到国际同类产品水平，国家卫健委认定“天智航已研发生产出第三代骨科手术机器人产品，在高难骨科手术自动导航技术上成功实现从跟跑并跑迈向领跑”；公司的产品是经国家科技部认定的《创新医疗器械产品目录(2018)》中治疗设备及器械类唯一的“国际原创”产品，在国际范围内，发行人参与编制了关于手术机器人性能与安全基本要求的国际标准；在我国，发行人是“国家机器人标准化总体组”成员单位，参与编制了骨科机器人手术临床指南和诊疗规范，并参与制定了相关国家标准。
688222.SH,成都先导,964026.1045643152,68094.21086721992,241,63383837.59,DEL库定制的后续技术培训、DEL库定制服务、DEL筛选服务、化学合成服务、新药研发项目转让,专业咨询服务,公司是一家高科技创新药物研发企业，由英国皇家化学学会会士JIN LI(李进)博士归国后携国内外多位生物、化学等领域专家共同创建，公司设立至今一直围绕着DNA编码化合物库(DNA Encoded compound Library，简称DEL)技术潜心研究与创造，专注于原创新药的早期链段研发——苗头化合物和先导化合物的发现。目前，已建立合作关系的客户主要包括：全球跨国制药企业(辉瑞、强生、默沙东、赛诺菲、武田制药、勃林格殷格翰、利奥制药、LG化学等)，国际知名生物技术公司(基因泰克、Aduro、Forma等)，国内大型医药企业(扬子江药业、天士力集团、先声药业等)，支持新药研发的基金会(盖茨基金会)以及其他领域公司(巴斯夫)。
